Species,Gene_Function,Count
普通小麦 (Triticum aestivum - 六倍体),WD40 repeat,28
普通小麦 (Triticum aestivum - 六倍体),WD40-repeat-containing domain,19
普通小麦 (Triticum aestivum - 六倍体),Tetratricopeptide repeat,18
普通小麦 (Triticum aestivum - 六倍体),Winged helix-like DNA-binding domain superfamily,15
普通小麦 (Triticum aestivum - 六倍体),Zinc finger,12
普通小麦 (Triticum aestivum - 六倍体),tRNA,10
普通小麦 (Triticum aestivum - 六倍体),Bacterial surface antigen,10
普通小麦 (Triticum aestivum - 六倍体),GINS complex,10
普通小麦 (Triticum aestivum - 六倍体),LSM domain,9
普通小麦 (Triticum aestivum - 六倍体),DNA polymerase,8
普通小麦 (Triticum aestivum - 六倍体),Rad1/Rec1/Rad17,7
普通小麦 (Triticum aestivum - 六倍体),WD40/YVTN repeat-like-containing domain superfamily,6
普通小麦 (Triticum aestivum - 六倍体),CCAAT-binding factor,6
普通小麦 (Triticum aestivum - 六倍体),Eukaryotic translation initiation factor 3 subunit M,6
普通小麦 (Triticum aestivum - 六倍体),ATPase,6
普通小麦 (Triticum aestivum - 六倍体),Diphosphomevalonate decarboxylase,6
普通小麦 (Triticum aestivum - 六倍体),CDC45 family,6
普通小麦 (Triticum aestivum - 六倍体),NFACT,6
普通小麦 (Triticum aestivum - 六倍体),RNA 3'-terminal phosphate cyclase domain,6
普通小麦 (Triticum aestivum - 六倍体),RNA polymerase Rpb7-like,6
普通小麦 (Triticum aestivum - 六倍体),Pre-mRNA-splicing factor  Cwf15/Cwc15,6
普通小麦 (Triticum aestivum - 六倍体),Ribosomal protein/NADH dehydrogenase domain,6
普通小麦 (Triticum aestivum - 六倍体),Sda1,5
普通小麦 (Triticum aestivum - 六倍体),RFT1,5
普通小麦 (Triticum aestivum - 六倍体),Ubiquinone biosynthesis monooxygenase COQ6,5
普通小麦 (Triticum aestivum - 六倍体),DnaJ domain,5
普通小麦 (Triticum aestivum - 六倍体),Aminoacyl-tRNA synthetase,5
普通小麦 (Triticum aestivum - 六倍体),26S proteasome non-ATPase regulatory subunit 3,5
普通小麦 (Triticum aestivum - 六倍体),Eukaryotic translation initiation factor 3 subunit I,5
普通小麦 (Triticum aestivum - 六倍体),26S Proteasome non-ATPase regulatory subunit 13,5
普通小麦 (Triticum aestivum - 六倍体),tRNA guanosine-2'-O-methyltransferase,5
普通小麦 (Triticum aestivum - 六倍体),cell division cycle 5-like protein,5
普通小麦 (Triticum aestivum - 六倍体),ESCRT-II complex,5
普通小麦 (Triticum aestivum - 六倍体),GPN-loop GTPase,5
普通小麦 (Triticum aestivum - 六倍体),Eukaryotic translation initiation factor 6,5
普通小麦 (Triticum aestivum - 六倍体),26S Proteasome non-ATPase regulatory subunit 6,5
普通小麦 (Triticum aestivum - 六倍体),G10 protein,5
普通小麦 (Triticum aestivum - 六倍体),Ribosomal biogenesis,5
普通小麦 (Triticum aestivum - 六倍体),K Homology domain,5
普通小麦 (Triticum aestivum - 六倍体),rRNA-processing protein Fcf1/Utp23,5
普通小麦 (Triticum aestivum - 六倍体),Ubiquitin-like protein ATG12,5
普通小麦 (Triticum aestivum - 六倍体),Rad50/SbcC-type AAA domain,4
普通小麦 (Triticum aestivum - 六倍体),Splicing factor 3A subunit 3,4
普通小麦 (Triticum aestivum - 六倍体),GMP synthase,4
普通小麦 (Triticum aestivum - 六倍体),PIGA,4
普通小麦 (Triticum aestivum - 六倍体),Mre11,4
普通小麦 (Triticum aestivum - 六倍体),Exoribonuclease,4
普通小麦 (Triticum aestivum - 六倍体),Checkpoint protein Hus1/Mec3,4
普通小麦 (Triticum aestivum - 六倍体),Eukaryotic translation initiation factor 3 subunit B,4
普通小麦 (Triticum aestivum - 六倍体),Trafficking protein particle complex subunit 2,4
普通小麦 (Triticum aestivum - 六倍体),Glycosyltransferase 2-like,4
普通小麦 (Triticum aestivum - 六倍体),H/ACA ribonucleoprotein complex subunit,4
普通小麦 (Triticum aestivum - 六倍体),Anamorsin,4
普通小麦 (Triticum aestivum - 六倍体),Transcription initiation factor TFIID subunit 2,3
普通小麦 (Triticum aestivum - 六倍体),Pre-mRNA-processing-splicing factor 8,3
普通小麦 (Triticum aestivum - 六倍体),Condensin complex subunit 1,3
普通小麦 (Triticum aestivum - 六倍体),Nrap protein,3
普通小麦 (Triticum aestivum - 六倍体),Splicing factor 3B subunit 1,3
普通小麦 (Triticum aestivum - 六倍体),Ribosome control protein 1,3
普通小麦 (Triticum aestivum - 六倍体),Vacuole morphology and inheritance protein 14,3
普通小麦 (Triticum aestivum - 六倍体),RuvA domain 2-like,3
普通小麦 (Triticum aestivum - 六倍体),Mannosyltransferase,3
普通小麦 (Triticum aestivum - 六倍体),Tetratricopeptide-like helical domain superfamily,3
普通小麦 (Triticum aestivum - 六倍体),DNA polymerase epsilon subunit,3
普通小麦 (Triticum aestivum - 六倍体),Autophagy protein 5,3
普通小麦 (Triticum aestivum - 六倍体),Eukaryotic translation initiation factor 2A,3
普通小麦 (Triticum aestivum - 六倍体),Protein arginine methyltransferase NDUFAF7,3
普通小麦 (Triticum aestivum - 六倍体),DNA polymerase alpha subunit B,3
普通小麦 (Triticum aestivum - 六倍体),TRAPP III complex,3
普通小麦 (Triticum aestivum - 六倍体),Nuclear pore protein 84/107,3
普通小麦 (Triticum aestivum - 六倍体),Aminomethyltransferase,3
普通小麦 (Triticum aestivum - 六倍体),Armadillo-type fold,3
普通小麦 (Triticum aestivum - 六倍体),Conserved oligomeric Golgi complex,3
普通小麦 (Triticum aestivum - 六倍体),Histone acetyltransferase type B catalytic subunit,3
普通小麦 (Triticum aestivum - 六倍体),Cell division control protein 73,3
普通小麦 (Triticum aestivum - 六倍体),Dol-P-Man,3
普通小麦 (Triticum aestivum - 六倍体),Pescadillo,3
普通小麦 (Triticum aestivum - 六倍体),tRNA-dihydrouridine synthase,3
普通小麦 (Triticum aestivum - 六倍体),Clp1,3
普通小麦 (Triticum aestivum - 六倍体),GPI transamidase component PIG-T,3
普通小麦 (Triticum aestivum - 六倍体),Aspartyl/glutamyl-tRNA,3
普通小麦 (Triticum aestivum - 六倍体),Sec1-like protein,3
普通小麦 (Triticum aestivum - 六倍体),DNA methyltransferase 1-associated 1,3
普通小麦 (Triticum aestivum - 六倍体),Surfeit locus 1/Shy1,3
普通小麦 (Triticum aestivum - 六倍体),KRR1 small subunit processome component,3
普通小麦 (Triticum aestivum - 六倍体),Brix domain,3
普通小麦 (Triticum aestivum - 六倍体),Eukaryotic translation initiation factor 3 subunit H,3
普通小麦 (Triticum aestivum - 六倍体),Tetrapyrrole methylase,3
普通小麦 (Triticum aestivum - 六倍体),Signal recognition particle subunit SRP68,3
普通小麦 (Triticum aestivum - 六倍体),Golgi to ER traffic protein 4,3
普通小麦 (Triticum aestivum - 六倍体),Eukaryotic translation initiation factor 3 subunit F,3
普通小麦 (Triticum aestivum - 六倍体),Mitochondrial import inner membrane translocase subunit TIM44,3
普通小麦 (Triticum aestivum - 六倍体),ALG11 mannosyltransferase,3
普通小麦 (Triticum aestivum - 六倍体),MEMO1 family,3
普通小麦 (Triticum aestivum - 六倍体),F-actin-capping protein subunit alpha/beta,3
普通小麦 (Triticum aestivum - 六倍体),Ribosomal biogenesis NSA2 family,3
普通小麦 (Triticum aestivum - 六倍体),Atg6/Beclin,3
普通小麦 (Triticum aestivum - 六倍体),Lipoyltransferase/lipoate-protein ligase,3
普通小麦 (Triticum aestivum - 六倍体),Nuclear pore localisation protein NPL4,3
普通小麦 (Triticum aestivum - 六倍体),COP9 signalosome complex subunit 2,3
普通小麦 (Triticum aestivum - 六倍体),Electron transfer flavoprotein,3
普通小麦 (Triticum aestivum - 六倍体),Co-chaperone Hsc20,3
普通小麦 (Triticum aestivum - 六倍体),Coatomer subunit epsilon,3
普通小麦 (Triticum aestivum - 六倍体),HORMA domain,3
普通小麦 (Triticum aestivum - 六倍体),Ribosome maturation protein SBDS,3
普通小麦 (Triticum aestivum - 六倍体),TFIIH subunit Tfb4/GTF2H3,3
普通小麦 (Triticum aestivum - 六倍体),OPI10 family,3
普通小麦 (Triticum aestivum - 六倍体),Vacuolar protein sorting-associated protein 29,3
普通小麦 (Triticum aestivum - 六倍体),Mediator complex,3
普通小麦 (Triticum aestivum - 六倍体),26S Proteasome non-ATPase regulatory subunit 7/8,3
普通小麦 (Triticum aestivum - 六倍体),Cleavage and polyadenylation specificity factor subunit 2,3
普通小麦 (Triticum aestivum - 六倍体),U4/U6 small nuclear ribonucleoprotein Prp3,3
普通小麦 (Triticum aestivum - 六倍体),DNA primase,3
普通小麦 (Triticum aestivum - 六倍体),U3 small nucleolar RNA-associated protein 11,3
普通小麦 (Triticum aestivum - 六倍体),TAP46-like protein,3
普通小麦 (Triticum aestivum - 六倍体),GNAT domain,3
普通小麦 (Triticum aestivum - 六倍体),Conserved oligomeric Golgi complex subunit 6,3
普通小麦 (Triticum aestivum - 六倍体),-alpha-acetyltransferase 35,3
普通小麦 (Triticum aestivum - 六倍体),Vps53-like,3
普通小麦 (Triticum aestivum - 六倍体),DNA replication complex GINS protein PSF2,3
普通小麦 (Triticum aestivum - 六倍体),CXXC motif containing zinc binding protein,3
普通小麦 (Triticum aestivum - 六倍体),Origin recognition complex,3
普通小麦 (Triticum aestivum - 六倍体),PUA domain,3
普通小麦 (Triticum aestivum - 六倍体),26S Proteasome non-ATPase regulatory subunit 9,3
普通小麦 (Triticum aestivum - 六倍体),SRP-independent targeting protein 2/TMEM208,3
普通小麦 (Triticum aestivum - 六倍体),Nuclear cap-binding protein subunit 2,3
普通小麦 (Triticum aestivum - 六倍体),RNA recognition motif domain,3
普通小麦 (Triticum aestivum - 六倍体),Autophagy-related protein 3,3
普通小麦 (Triticum aestivum - 六倍体),DNA replication complex GINS protein SLD5,3
普通小麦 (Triticum aestivum - 六倍体),Deoxyhypusine hydroxylase,3
普通小麦 (Triticum aestivum - 六倍体),Vta1,3
普通小麦 (Triticum aestivum - 六倍体),Cdk-activating kinase assembly factor MAT1,3
普通小麦 (Triticum aestivum - 六倍体),Translocation protein Sec62,3
普通小麦 (Triticum aestivum - 六倍体),SF3B4,3
普通小麦 (Triticum aestivum - 六倍体),Adenylate kinase isoenzyme 6,3
普通小麦 (Triticum aestivum - 六倍体),DNA-directed RNA polymerase,3
普通小麦 (Triticum aestivum - 六倍体),SUI1 domain,3
普通小麦 (Triticum aestivum - 六倍体),Trafficking protein particle complex subunit,3
普通小麦 (Triticum aestivum - 六倍体),Pre-mRNA-splicing factor Isy1,3
普通小麦 (Triticum aestivum - 六倍体),NADH dehydrogenase,3
普通小麦 (Triticum aestivum - 六倍体),NADH:ubiquinone oxidoreductase intermediate-associated protein 30,3
普通小麦 (Triticum aestivum - 六倍体),COX assembly mitochondrial protein,3
普通小麦 (Triticum aestivum - 六倍体),Transcription elongation factor SPT4,3
普通小麦 (Triticum aestivum - 六倍体),TMEM85/ER membrane protein complex subunit 4,3
普通小麦 (Triticum aestivum - 六倍体),PDCD5-like,3
普通小麦 (Triticum aestivum - 六倍体),DNA polymerase epsilon catalytic subunit,2
普通小麦 (Triticum aestivum - 六倍体),Asparagine synthase,2
普通小麦 (Triticum aestivum - 六倍体),Helicase,2
普通小麦 (Triticum aestivum - 六倍体),Translational activator Gcn1,2
普通小麦 (Triticum aestivum - 六倍体),digestive organ expansion factor homolog,2
普通小麦 (Triticum aestivum - 六倍体),RNA cytidine acetyltransferase,2
普通小麦 (Triticum aestivum - 六倍体),Radical SAM,2
普通小麦 (Triticum aestivum - 六倍体),Nucleolar complex-associated protein 3,2
普通小麦 (Triticum aestivum - 六倍体),Tetratricopeptide repeat-containing domain,2
普通小麦 (Triticum aestivum - 六倍体),Ubiquitin-like modifier-activating enzyme Atg7,2
普通小麦 (Triticum aestivum - 六倍体),AP-3 complex subunit delta,2
普通小麦 (Triticum aestivum - 六倍体),Pyridoxal phosphate-dependent transferase,2
普通小麦 (Triticum aestivum - 六倍体),P-loop containing nucleoside triphosphate hydrolase,2
普通小麦 (Triticum aestivum - 六倍体),Gamma-tubulin complex component,2
普通小麦 (Triticum aestivum - 六倍体),NAD,2
普通小麦 (Triticum aestivum - 六倍体),ATP12,2
普通小麦 (Triticum aestivum - 六倍体),DNA polymerase alpha/delta/epsilon,2
普通小麦 (Triticum aestivum - 六倍体),Initiation factor 2B-related,2
普通小麦 (Triticum aestivum - 六倍体),CAAX prenyl protease 1,2
普通小麦 (Triticum aestivum - 六倍体),Protein phosphatase methylesterase 1,2
普通小麦 (Triticum aestivum - 六倍体),Dolichyl-diphosphooligosaccharide--protein glycosyltransferase 48kDa subunit,2
普通小麦 (Triticum aestivum - 六倍体),CTLH,2
普通小麦 (Triticum aestivum - 六倍体),Dolichyl-phosphate beta-glucosyltransferase,2
普通小麦 (Triticum aestivum - 六倍体),Methyltransferase type 11,2
普通小麦 (Triticum aestivum - 六倍体),SNARE,2
普通小麦 (Triticum aestivum - 六倍体),Bystin,2
普通小麦 (Triticum aestivum - 六倍体),Exosome complex component CSL4,2
普通小麦 (Triticum aestivum - 六倍体),Ribosome biogenesis protein,2
普通小麦 (Triticum aestivum - 六倍体),Proteasome subunit beta,2
普通小麦 (Triticum aestivum - 六倍体),N-acetylglucosaminyl transferase component,2
普通小麦 (Triticum aestivum - 六倍体),Exportin-2,2
普通小麦 (Triticum aestivum - 六倍体),GPI-anchor transamidase,2
普通小麦 (Triticum aestivum - 六倍体),Ubiquinone biosynthesis protein Coq4,2
普通小麦 (Triticum aestivum - 六倍体),RWD domain,2
普通小麦 (Triticum aestivum - 六倍体),Cytochrome c oxidase assembly protein CtaG/Cox11,2
普通小麦 (Triticum aestivum - 六倍体),RNA polymerase II subunit A,2
普通小麦 (Triticum aestivum - 六倍体),NADPH,2
普通小麦 (Triticum aestivum - 六倍体),PIN domain,2
普通小麦 (Triticum aestivum - 六倍体),GPI transamidase subunit PIG-U,2
普通小麦 (Triticum aestivum - 六倍体),TIP41-like protein,2
普通小麦 (Triticum aestivum - 六倍体),Ubiquinol-cytochrome c chaperone,2
普通小麦 (Triticum aestivum - 六倍体),Cytoplasmic tRNA 2-thiolation protein 2,2
普通小麦 (Triticum aestivum - 六倍体),SKI-interacting protein,2
普通小麦 (Triticum aestivum - 六倍体),Prefoldin subunit 4,2
普通小麦 (Triticum aestivum - 六倍体),Prefoldin,2
普通小麦 (Triticum aestivum - 六倍体),Ribosomal protein S23/S29,2
香蕉 (Musa acuminata - 三倍体),WD40 repeat,26
香蕉 (Musa acuminata - 三倍体),Tetratricopeptide repeat,19
香蕉 (Musa acuminata - 三倍体),WD40-repeat-containing domain,15
香蕉 (Musa acuminata - 三倍体),Winged helix-like DNA-binding domain superfamily,15
香蕉 (Musa acuminata - 三倍体),tRNA,12
香蕉 (Musa acuminata - 三倍体),LSM domain,11
香蕉 (Musa acuminata - 三倍体),GNAT domain,10
香蕉 (Musa acuminata - 三倍体),Aminomethyltransferase,9
香蕉 (Musa acuminata - 三倍体),DnaJ domain,9
香蕉 (Musa acuminata - 三倍体),Eukaryotic translation initiation factor 3 subunit F,9
香蕉 (Musa acuminata - 三倍体),SNARE,9
香蕉 (Musa acuminata - 三倍体),PUA domain,9
香蕉 (Musa acuminata - 三倍体),Vta1,9
香蕉 (Musa acuminata - 三倍体),Pyridoxal phosphate-dependent transferase,8
香蕉 (Musa acuminata - 三倍体),ATPase,8
香蕉 (Musa acuminata - 三倍体),K Homology domain,8
香蕉 (Musa acuminata - 三倍体),ALG11 mannosyltransferase,7
香蕉 (Musa acuminata - 三倍体),SF3B4,7
香蕉 (Musa acuminata - 三倍体),Anamorsin,7
香蕉 (Musa acuminata - 三倍体),DNA polymerase,6
香蕉 (Musa acuminata - 三倍体),Mannosyltransferase,6
香蕉 (Musa acuminata - 三倍体),Cell division control protein 73,6
香蕉 (Musa acuminata - 三倍体),Pescadillo,6
香蕉 (Musa acuminata - 三倍体),26S proteasome non-ATPase regulatory subunit 3,6
香蕉 (Musa acuminata - 三倍体),Bacterial surface antigen,6
香蕉 (Musa acuminata - 三倍体),Eukaryotic translation initiation factor 3 subunit I,6
香蕉 (Musa acuminata - 三倍体),CAAX prenyl protease 1,6
香蕉 (Musa acuminata - 三倍体),Repressor of RNA polymerase III transcription MAF1,6
香蕉 (Musa acuminata - 三倍体),Eukaryotic translation initiation factor 3 subunit H,6
香蕉 (Musa acuminata - 三倍体),Golgi to ER traffic protein 4,6
香蕉 (Musa acuminata - 三倍体),MEMO1 family,6
香蕉 (Musa acuminata - 三倍体),CTLH,6
香蕉 (Musa acuminata - 三倍体),ESCRT-II complex,6
香蕉 (Musa acuminata - 三倍体),Nuclear pore localisation protein NPL4,6
香蕉 (Musa acuminata - 三倍体),Ferrodoxin-fold anticodon-binding domain,6
香蕉 (Musa acuminata - 三倍体),Eukaryotic translation initiation factor 6,6
香蕉 (Musa acuminata - 三倍体),Vacuolar protein sorting-associated protein 29,6
香蕉 (Musa acuminata - 三倍体),26S Proteasome non-ATPase regulatory subunit 7/8,6
香蕉 (Musa acuminata - 三倍体),Endonuclease III homolog,6
香蕉 (Musa acuminata - 三倍体),U3 small nucleolar RNA-associated protein 11,6
香蕉 (Musa acuminata - 三倍体),Zinc finger,6
香蕉 (Musa acuminata - 三倍体),Vps53-like,6
香蕉 (Musa acuminata - 三倍体),Signal peptidase complex subunit 2,6
香蕉 (Musa acuminata - 三倍体),Nuclear cap-binding protein subunit 2,6
香蕉 (Musa acuminata - 三倍体),Autophagy-related protein 3,6
香蕉 (Musa acuminata - 三倍体),Glycosyltransferase 2-like,6
香蕉 (Musa acuminata - 三倍体),NADH dehydrogenase,6
香蕉 (Musa acuminata - 三倍体),Signal recognition particle,6
香蕉 (Musa acuminata - 三倍体),Ribosomal protein/NADH dehydrogenase domain,6
香蕉 (Musa acuminata - 三倍体),TMEM85/ER membrane protein complex subunit 4,6
香蕉 (Musa acuminata - 三倍体),WD40/YVTN repeat-like-containing domain superfamily,5
香蕉 (Musa acuminata - 三倍体),Pre-mRNA-processing-splicing factor 8,5
香蕉 (Musa acuminata - 三倍体),Vacuole morphology and inheritance protein 14,5
香蕉 (Musa acuminata - 三倍体),CCAAT-binding factor,5
香蕉 (Musa acuminata - 三倍体),AP-3 complex subunit delta,5
香蕉 (Musa acuminata - 三倍体),Aminoacyl-tRNA synthetase,5
香蕉 (Musa acuminata - 三倍体),RNA polymerase I specific transcription initiation factor RRN3,5
香蕉 (Musa acuminata - 三倍体),26S Proteasome non-ATPase regulatory subunit 13,5
香蕉 (Musa acuminata - 三倍体),Dolichyl-diphosphooligosaccharide--protein glycosyltransferase 48kDa subunit,5
香蕉 (Musa acuminata - 三倍体),Exoribonuclease,5
香蕉 (Musa acuminata - 三倍体),Atg6/Beclin,5
香蕉 (Musa acuminata - 三倍体),GPN-loop GTPase,5
香蕉 (Musa acuminata - 三倍体),GINS complex,5
香蕉 (Musa acuminata - 三倍体),Ubiquinone biosynthesis protein Coq4,5
香蕉 (Musa acuminata - 三倍体),RNA polymerase II subunit A,5
香蕉 (Musa acuminata - 三倍体),SUI1 domain,5
香蕉 (Musa acuminata - 三倍体),Sda1,4
香蕉 (Musa acuminata - 三倍体),Brix domain,4
香蕉 (Musa acuminata - 三倍体),cell division cycle 5-like protein,4
香蕉 (Musa acuminata - 三倍体),Ribosomal biogenesis NSA2 family,4
香蕉 (Musa acuminata - 三倍体),COP9 signalosome complex subunit 2,4
香蕉 (Musa acuminata - 三倍体),Snf7 family,4
香蕉 (Musa acuminata - 三倍体),PIN domain,4
香蕉 (Musa acuminata - 三倍体),DNA-directed RNA polymerase,4
香蕉 (Musa acuminata - 三倍体),PDCD5-like,4
香蕉 (Musa acuminata - 三倍体),DNA polymerase epsilon catalytic subunit,3
香蕉 (Musa acuminata - 三倍体),Asparagine synthase,3
香蕉 (Musa acuminata - 三倍体),Pep3/Vps18/deep orange,3
香蕉 (Musa acuminata - 三倍体),Transcription initiation factor TFIID subunit 2,3
香蕉 (Musa acuminata - 三倍体),Translational activator Gcn1,3
香蕉 (Musa acuminata - 三倍体),Condensin complex subunit 1,3
香蕉 (Musa acuminata - 三倍体),Nrap protein,3
香蕉 (Musa acuminata - 三倍体),Rad50/SbcC-type AAA domain,3
香蕉 (Musa acuminata - 三倍体),Splicing factor 3B subunit 1,3
香蕉 (Musa acuminata - 三倍体),digestive organ expansion factor homolog,3
香蕉 (Musa acuminata - 三倍体),Ribosome control protein 1,3
香蕉 (Musa acuminata - 三倍体),RNA cytidine acetyltransferase,3
香蕉 (Musa acuminata - 三倍体),RuvA domain 2-like,3
香蕉 (Musa acuminata - 三倍体),Tetratricopeptide-like helical domain superfamily,3
香蕉 (Musa acuminata - 三倍体),Nucleolar complex-associated protein 3,3
香蕉 (Musa acuminata - 三倍体),Translation initiation factor eIF-2B subunit epsilon,3
香蕉 (Musa acuminata - 三倍体),DNA polymerase epsilon subunit,3
香蕉 (Musa acuminata - 三倍体),Splicing factor 3A subunit 3,3
香蕉 (Musa acuminata - 三倍体),GMP synthase,3
香蕉 (Musa acuminata - 三倍体),Reduced growth phenotype protein 1,3
香蕉 (Musa acuminata - 三倍体),Eukaryotic translation initiation factor 2A,3
香蕉 (Musa acuminata - 三倍体),Protein arginine methyltransferase NDUFAF7,3
香蕉 (Musa acuminata - 三倍体),DNA polymerase alpha subunit B,3
香蕉 (Musa acuminata - 三倍体),TRAPP III complex,3
香蕉 (Musa acuminata - 三倍体),Ubiquinone biosynthesis monooxygenase COQ6,3
香蕉 (Musa acuminata - 三倍体),Nuclear pore protein 84/107,3
香蕉 (Musa acuminata - 三倍体),Armadillo-type fold,3
香蕉 (Musa acuminata - 三倍体),P-loop containing nucleoside triphosphate hydrolase,3
香蕉 (Musa acuminata - 三倍体),Gamma-tubulin complex component,3
香蕉 (Musa acuminata - 三倍体),Eukaryotic translation initiation factor 3 subunit M,3
香蕉 (Musa acuminata - 三倍体),Conserved oligomeric Golgi complex,3
香蕉 (Musa acuminata - 三倍体),Histone acetyltransferase type B catalytic subunit,3
香蕉 (Musa acuminata - 三倍体),NAD,3
香蕉 (Musa acuminata - 三倍体),ATP12,3
香蕉 (Musa acuminata - 三倍体),60S ribosomal export protein NMD3,3
香蕉 (Musa acuminata - 三倍体),DNA polymerase alpha/delta/epsilon,3
香蕉 (Musa acuminata - 三倍体),Zinc finger C2H2-type,3
香蕉 (Musa acuminata - 三倍体),Dol-P-Man,3
香蕉 (Musa acuminata - 三倍体),tRNA-dihydrouridine synthase,3
香蕉 (Musa acuminata - 三倍体),Mre11,3
香蕉 (Musa acuminata - 三倍体),Protein phosphatase methylesterase 1,3
香蕉 (Musa acuminata - 三倍体),Sec1-like protein,3
香蕉 (Musa acuminata - 三倍体),DNA methyltransferase 1-associated 1,3
香蕉 (Musa acuminata - 三倍体),Surfeit locus 1/Shy1,3
香蕉 (Musa acuminata - 三倍体),tRNA guanosine-2'-O-methyltransferase,3
香蕉 (Musa acuminata - 三倍体),KRR1 small subunit processome component,3
香蕉 (Musa acuminata - 三倍体),TFIIH p62 subunit,3
香蕉 (Musa acuminata - 三倍体),Elongator complex protein 4,3
香蕉 (Musa acuminata - 三倍体),GPI mannosyltransferase 1,3
香蕉 (Musa acuminata - 三倍体),Tetrapyrrole methylase,3
香蕉 (Musa acuminata - 三倍体),Signal recognition particle subunit SRP68,3
香蕉 (Musa acuminata - 三倍体),Mitochondrial import inner membrane translocase subunit TIM44,3
香蕉 (Musa acuminata - 三倍体),Checkpoint protein Hus1/Mec3,3
香蕉 (Musa acuminata - 三倍体),Diphosphomevalonate decarboxylase,3
香蕉 (Musa acuminata - 三倍体),F-actin-capping protein subunit alpha/beta,3
香蕉 (Musa acuminata - 三倍体),Glycosyl transferase,3
香蕉 (Musa acuminata - 三倍体),Lipoyltransferase/lipoate-protein ligase,3
香蕉 (Musa acuminata - 三倍体),Dolichyl-phosphate beta-glucosyltransferase,3
香蕉 (Musa acuminata - 三倍体),Electron transfer flavoprotein,3
香蕉 (Musa acuminata - 三倍体),Co-chaperone Hsc20,3
香蕉 (Musa acuminata - 三倍体),Methyltransferase type 11,3
香蕉 (Musa acuminata - 三倍体),Bystin,3
香蕉 (Musa acuminata - 三倍体),HORMA domain,3
香蕉 (Musa acuminata - 三倍体),Exosome complex component CSL4,3
香蕉 (Musa acuminata - 三倍体),Ribosome maturation protein SBDS,3
香蕉 (Musa acuminata - 三倍体),TFIIH subunit Tfb4/GTF2H3,3
香蕉 (Musa acuminata - 三倍体),Ribosome biogenesis protein,3
香蕉 (Musa acuminata - 三倍体),OPI10 family,3
香蕉 (Musa acuminata - 三倍体),Proteasome subunit beta,3
香蕉 (Musa acuminata - 三倍体),G10 protein,3
香蕉 (Musa acuminata - 三倍体),Vps16,3
香蕉 (Musa acuminata - 三倍体),GPI-anchor transamidase,3
香蕉 (Musa acuminata - 三倍体),Protohaem IX farnesyltransferase,3
香蕉 (Musa acuminata - 三倍体),Ribosomal biogenesis,3
香蕉 (Musa acuminata - 三倍体),RWD domain,3
香蕉 (Musa acuminata - 三倍体),Cytochrome c oxidase assembly protein CtaG/Cox11,3
香蕉 (Musa acuminata - 三倍体),CDC45 family,3
香蕉 (Musa acuminata - 三倍体),Cleavage and polyadenylation specificity factor subunit 2,3
香蕉 (Musa acuminata - 三倍体),U4/U6 small nuclear ribonucleoprotein Prp3,3
香蕉 (Musa acuminata - 三倍体),NADPH,3
香蕉 (Musa acuminata - 三倍体),GPI transamidase subunit PIG-U,3
香蕉 (Musa acuminata - 三倍体),DNA primase,3
香蕉 (Musa acuminata - 三倍体),TAP46-like protein,3
香蕉 (Musa acuminata - 三倍体),rRNA-processing protein Fcf1/Utp23,3
香蕉 (Musa acuminata - 三倍体),Conserved oligomeric Golgi complex subunit 6,3
香蕉 (Musa acuminata - 三倍体),-alpha-acetyltransferase 35,3
香蕉 (Musa acuminata - 三倍体),TIP41-like protein,3
香蕉 (Musa acuminata - 三倍体),NFACT,3
香蕉 (Musa acuminata - 三倍体),CXXC motif containing zinc binding protein,3
香蕉 (Musa acuminata - 三倍体),Origin recognition complex,3
香蕉 (Musa acuminata - 三倍体),26S Proteasome non-ATPase regulatory subunit 9,3
香蕉 (Musa acuminata - 三倍体),SRP-independent targeting protein 2/TMEM208,3
香蕉 (Musa acuminata - 三倍体),RNA 3'-terminal phosphate cyclase domain,3
香蕉 (Musa acuminata - 三倍体),Ubiquinol-cytochrome c chaperone,3
香蕉 (Musa acuminata - 三倍体),RNA polymerase Rpb7-like,3
香蕉 (Musa acuminata - 三倍体),DNA replication complex GINS protein SLD5,3
香蕉 (Musa acuminata - 三倍体),Rad1/Rec1/Rad17,3
香蕉 (Musa acuminata - 三倍体),Deoxyhypusine hydroxylase,3
香蕉 (Musa acuminata - 三倍体),Cytoplasmic tRNA 2-thiolation protein 2,3
香蕉 (Musa acuminata - 三倍体),Cdk-activating kinase assembly factor MAT1,3
香蕉 (Musa acuminata - 三倍体),Prefoldin subunit 4,3
香蕉 (Musa acuminata - 三倍体),Adenylate kinase isoenzyme 6,3
香蕉 (Musa acuminata - 三倍体),Pre-mRNA-splicing factor Isy1,3
香蕉 (Musa acuminata - 三倍体),Ubiquitin-like protein ATG12,3
香蕉 (Musa acuminata - 三倍体),H/ACA ribonucleoprotein complex subunit,3
香蕉 (Musa acuminata - 三倍体),Ribosomal protein L7Ae/L30e/S12e/Gadd45,3
香蕉 (Musa acuminata - 三倍体),NADH:ubiquinone oxidoreductase intermediate-associated protein 30,3
香蕉 (Musa acuminata - 三倍体),Prefoldin,3
香蕉 (Musa acuminata - 三倍体),COX assembly mitochondrial protein,3
香蕉 (Musa acuminata - 三倍体),Pre-mRNA-splicing factor  Cwf15/Cwc15,3
香蕉 (Musa acuminata - 三倍体),Ribosomal protein S23/S29,3
香蕉 (Musa acuminata - 三倍体),Transcription elongation factor SPT4,3
香蕉 (Musa acuminata - 三倍体),GPI ethanolamine phosphate transferase 1,2
香蕉 (Musa acuminata - 三倍体),Radical SAM,2
香蕉 (Musa acuminata - 三倍体),Phosphoacetylglucosamine mutase,2
香蕉 (Musa acuminata - 三倍体),Tetratricopeptide repeat-containing domain,2
香蕉 (Musa acuminata - 三倍体),Autophagy protein 5,2
香蕉 (Musa acuminata - 三倍体),Ubiquitin-like modifier-activating enzyme Atg7,2
香蕉 (Musa acuminata - 三倍体),RFT1,2
香蕉 (Musa acuminata - 三倍体),PIGA,2
香蕉 (Musa acuminata - 三倍体),Clp1,2
香蕉 (Musa acuminata - 三倍体),Aspartyl/glutamyl-tRNA,2
香蕉 (Musa acuminata - 三倍体),Transcription factor IIIC subunit 5,2
香蕉 (Musa acuminata - 三倍体),26S Proteasome non-ATPase regulatory subunit 6,2
香蕉 (Musa acuminata - 三倍体),Eukaryotic translation initiation factor 3 subunit B,2
香蕉 (Musa acuminata - 三倍体),N-acetylglucosaminyl transferase component,2
香蕉 (Musa acuminata - 三倍体),Mediator complex,2
香蕉 (Musa acuminata - 三倍体),DNA replication complex GINS protein PSF2,2
香蕉 (Musa acuminata - 三倍体),Trafficking protein particle complex subunit 2,2
香蕉 (Musa acuminata - 三倍体),SKI-interacting protein,2
香蕉 (Musa acuminata - 三倍体),Translocation protein Sec62,2
香蕉 (Musa acuminata - 三倍体),Trafficking protein particle complex subunit,2
