Accession,Total_Transcripts,Median_Intron_bp,Mean_Intron_bp,Total_Intergenic,Median_Intergenic_bp,Mean_Intergenic_bp
GCF_000002435.2,11,41.00,417138.73,4823,82.00,471.02
GCF_000002775.5,51589,385.50,1144.10,31510,4304.00,8152.80
GCF_000004075.3,30315,422.75,691.53,22332,2972.00,5793.17
GCF_000004195.4,44481,2114.62,4321.12,26352,7852.50,28391.84
GCF_000147395.1,32995,373.00,619.24,30182,3417.50,7782.32
GCF_000208745.1,28793,350.80,530.70,22918,2536.00,9989.50
GCF_000231095.2,27545,372.31,574.26,25068,3330.00,6635.06
GCF_000309985.2,56512,148.00,428.96,42446,1217.00,3630.28
GCF_000499845.2,39039,419.62,674.59,31672,5691.00,12745.52
GCF_000715075.1,87628,624.60,1027.49,72726,21159.00,48945.99
GCF_001411555.2,42630,521.00,896.03,33914,5469.50,11608.78
GCF_001640805.2,45541,783.38,1919.28,27193,1513.00,7856.00
GCF_001659605.2,48514,431.33,757.47,31874,3852.50,15567.46
GCF_001660625.3,52354,1153.15,2444.51,27907,3250.00,12159.32
GCF_001704415.2,41863,2710.43,6275.91,21867,15216.00,74142.18
GCF_001858045.2,62947,955.10,2369.75,35631,4062.00,12567.96
GCF_002127325.2,73923,375.00,802.54,78775,13778.00,34642.26
GCF_002204515.2,27835,6142.40,11831.93,16079,13343.00,43734.98
GCF_002263795.3,64601,3096.17,7115.98,26906,16751.50,65213.20
GCF_002575655.3,54143,383.73,795.45,63844,9653.00,60694.13
GCF_003013715.1,498,58.00,139.90,5483,458.00,764.05
GCF_003254395.2,24128,493.00,2878.00,9879,1424.00,9417.50
GCF_003473485.1,38832,440.58,671.44,36903,4421.00,8005.80
GCF_004115215.2,38554,2809.50,5984.01,26050,13469.50,43796.97
GCF_004115265.2,48095,2717.75,6227.71,20500,11444.50,59214.13
GCF_004193775.1,65567,447.33,682.09,52546,5594.00,14523.63
GCF_006345805.1,34786,4774.66,10652.98,22602,16328.00,68239.55
GCF_007990345.1,114336,330.11,516.66,89043,8290.00,22606.95
GCF_008831285.2,34493,734.80,1308.69,22232,4531.50,10880.35
GCF_009017415.1,11117,64.00,91.55,13258,544.00,1036.31
GCF_009834535.1,56774,2609.94,6112.49,25081,11980.00,48030.74
GCF_009870125.1,25301,326.50,1489.88,13578,1134.00,6132.61
GCF_009873245.2,52951,2857.67,6148.44,20839,14932.00,69940.96
GCF_009914755.1,142507,3823.23,7940.18,31980,17339.50,59030.06
GCF_010015445.1,49967,1241.22,2795.14,27903,3980.00,14623.70
GCF_010111755.1,139,291.00,388.05,5477,500.00,785.80
GCF_010909765.2,38760,4079.21,7668.90,21758,18365.00,67758.08
GCF_011004845.1,58760,1123.68,2534.03,27438,3586.00,14488.60
GCF_011100685.1,66733,3259.29,6929.85,29753,14883.00,46739.51
GCF_011386835.1,88453,3664.91,7776.76,27838,13116.00,42778.24
GCF_011762595.2,68498,3064.46,6227.39,21684,13504.00,62159.70
GCF_012275295.1,29294,1627.97,3889.26,16882,5568.50,35091.23
GCF_012489685.1,41072,403.33,633.85,37377,4203.00,11018.68
GCF_013085055.1,12564,57.00,81.86,15870,700.00,1322.80
GCF_013265735.2,100481,1594.92,3336.61,65437,2260.00,16447.39
GCF_014356525.2,32227,3225.93,6727.28,16599,8297.00,27671.88
GCF_014839805.1,24102,936.35,2628.33,15304,2774.00,12865.27
GCF_014858855.1,37749,4470.17,9141.19,24539,34576.00,122182.94
GCF_015732765.1,23808,1965.04,5694.16,15380,5748.50,21245.70
GCF_016545825.1,43544,417.35,752.06,37392,5527.00,12445.98
GCF_016699485.2,72038,1890.95,4282.83,19739,4646.00,24770.13
GCF_016746395.2,24594,363.00,1322.87,12611,617.00,4439.13
GCF_016772045.2,77494,3297.33,7027.59,25753,16015.00,65459.71
GCF_016802725.1,31158,666.05,3278.96,13448,2598.50,13060.82
GCF_016835505.1,41887,5375.89,10503.76,25414,17602.00,73174.68
GCF_017654675.1,72552,2369.74,4822.82,39913,11667.00,37707.85
GCF_017976375.1,45472,2061.65,4913.66,17464,5134.00,30436.86
GCF_018135715.1,20743,546.55,1597.87,12600,1791.50,9258.94
GCF_018294505.1,145182,386.75,737.02,130025,28347.00,105666.86
GCF_018296145.1,83784,1530.51,3250.36,42134,6807.00,24026.88
GCF_018340385.1,80809,1004.50,2379.67,49148,3643.50,16762.14
GCF_018350175.1,75183,3397.09,7465.78,28434,13528.50,48133.15
GCF_018350195.1,56783,3223.95,6617.26,25182,14449.00,58202.31
GCF_018350215.1,54170,3236.38,6654.53,24132,14297.50,57642.10
GCF_019175285.1,44311,2726.55,6405.69,19654,10200.50,47588.41
GCF_019923935.1,64977,3177.58,7425.58,28054,16061.00,59657.24
GCF_020283565.1,46246,411.68,677.09,39631,3493.00,6679.49
GCF_020379485.1,107465,146.89,285.27,104800,2405.00,5928.52
GCF_021134715.1,28779,113.12,437.37,19041,706.00,3234.75
GCF_021901695.1,15566,86.03,98.48,17389,1413.00,3313.75
GCF_022201045.2,40024,352.63,1056.92,26599,3428.00,7603.51
GCF_022682495.2,51767,2738.00,6134.37,21072,11175.50,56721.46
GCF_023065955.2,55947,3255.32,6879.44,22842,12757.00,59608.64
GCF_023101765.2,28712,1096.00,3287.32,14076,2312.00,11896.33
GCF_023375975.1,53166,1675.92,5417.31,47840,1239.00,12910.13
GCF_025177605.1,36635,438.07,808.63,26180,3622.00,10648.06
GCF_025698485.1,46037,312.38,540.70,48279,10107.00,30274.09
GCF_025698545.1,49035,319.00,590.53,40893,6626.00,15007.27
GCF_026745355.1,34754,737.50,1166.37,28069,7168.00,15000.69
GCF_027595985.1,38033,2821.35,7134.14,22678,14594.50,68260.48
GCF_027887165.2,60542,4203.34,8914.19,25478,23651.50,89234.33
GCF_028858775.2,116998,3766.41,7617.23,27909,18789.00,70108.85
GCF_028885625.2,81777,3558.82,7370.73,25046,19810.50,83280.97
GCF_028885655.2,84278,3670.13,7659.17,27813,20208.00,76177.36
GCF_029169275.1,30158,566.23,3219.54,9443,1261.00,9755.04
GCF_029281585.2,82478,3616.99,7537.50,27901,18961.00,74132.15
GCF_029289425.2,82944,3639.60,7967.18,25843,17906.00,74596.87
GCF_029378745.1,59682,3170.67,7263.07,25156,15425.50,65203.78
GCF_030014295.1,54038,3593.79,7492.45,24980,19830.50,87827.77
GCF_030052815.1,56284,451.00,865.23,43442,6841.00,37561.14
GCF_030254825.1,53666,2802.00,6982.98,26039,13874.00,67625.22
GCF_030269925.1,28119,1361.00,3671.43,14417,4319.00,15958.09
GCF_030506205.2,45306,1106.19,2811.97,44080,1399.50,11568.96
GCF_030704535.1,39131,647.40,1160.71,26872,4448.00,12196.48
GCF_030788295.1,23627,439.67,1864.78,12573,1024.00,7246.95
GCF_030867145.1,39675,2248.70,5329.85,17659,5955.00,42236.25
GCF_040581485.1,29147,436.38,2344.64,12719,1283.00,7427.76
GCF_040183065.1,39042,5877.08,14873.38,21828,16552.00,88439.15
GCF_037176945.1,33201,4368.09,8521.47,24943,14399.00,64584.55
GCF_036512215.1,42895,539.27,879.52,38409,3679.00,17323.61
GCF_037890685.1,32829,1999.03,3195.07,27878,9731.50,15519.17
GCF_040939455.1,44406,3140.30,6848.31,27440,9633.50,51857.66
GCF_040954835.1,48729,1528.85,3442.09,44222,2033.00,11915.84
GCF_040182565.1,55634,2062.06,5055.74,21122,5263.00,25970.62
GCF_037993035.2,133399,3752.47,7784.78,27661,18054.00,68561.81
GCF_042453785.1,59973,337.33,596.47,46413,4490.00,10455.81
GCF_043380555.1,49059,1291.75,3426.42,33231,3096.00,25926.36
GCF_040807025.1,63211,2294.50,5157.37,19947,5115.00,33403.85
GCF_041296235.1,77667,3308.30,7272.14,25949,13698.00,59934.79
GCF_036884655.1,148704,580.93,832.45,115987,1768.00,8609.15
GCF_041296265.1,104772,3397.54,7111.79,28455,14305.00,55080.06
GCF_041902795.1,67487,821.60,1745.42,30367,2184.00,13014.45
GCF_047511655.1,64259,3210.15,7471.09,27905,14192.00,66534.39
GCF_047663525.1,54716,2096.95,5024.63,21629,5554.00,28695.05
GCF_047675955.1,60724,3656.03,7656.92,24027,17565.00,73212.99
GCF_048164855.1,80949,3510.07,7501.54,28665,15642.00,49048.61
GCF_048418805.1,74474,3497.90,7782.64,22855,13433.00,60098.45
GCF_051106095.1,56242,3130.47,7422.57,24377,8656.00,36663.00
GCF_048773025.1,62841,2741.12,6160.94,24856,10704.50,58311.70
GCF_048771995.1,49242,2031.31,5262.22,18763,5337.00,29557.44
GCF_053919585.1,39200,12112.90,24499.73,50530,430.00,75458.76
GCF_053564925.1,64234,1060.75,2696.03,35300,1991.50,11371.22
GCF_049852395.1,70718,3064.10,6510.70,27424,15783.00,59816.25
GCF_049306965.1,102538,2281.42,5088.49,41998,2422.00,15190.88
GCF_049350105.2,119444,3304.60,6570.93,29064,17295.00,70269.24
GCF_900964775.1,47895,985.80,2054.26,25610,3800.50,13547.09
GCF_900324485.3,42451,700.75,1648.53,22549,2315.00,10745.81
GCF_900496995.4,54902,2107.78,4567.65,18165,5299.00,32506.74
GCF_901000725.3,47808,454.33,1133.08,23593,1318.00,6149.58
GCF_902167405.1,45453,806.07,1672.61,29679,1556.00,9896.44
GCF_904849725.1,35372,386.27,848.96,51097,7172.00,79532.72
GCF_903797595.1,36931,1856.21,4655.98,16236,6124.00,30735.66
GCF_902713615.2,49709,7324.77,13277.70,24953,27709.00,91954.36
GCF_902167145.1,58893,414.33,853.69,42394,17650.50,46015.30
GCF_905171775.1,40212,5970.17,11399.37,33780,17064.00,71026.82
GCF_054131305.1,81682,1635.97,4000.05,24799,4011.00,26027.23
GCF_910591885.1,26660,442.57,2874.12,9861,1087.00,14590.87
GCF_905368555.1,47224,1705.76,4211.67,16853,4131.00,26462.81
GCF_054392235.1,134823,3692.48,8877.80,27617,13327.00,53392.09
GCF_918797505.1,24560,1952.47,5987.49,12540,3936.50,19546.36
GCF_932276165.2,19000,944.10,2798.83,14456,2655.00,10502.48
GCF_932526225.1,31096,772.05,1291.23,33552,493.50,2878.52
GCF_932294415.1,51502,711.00,2331.43,39443,7557.00,14792.27
GCF_943734735.2,30010,1102.50,3064.21,12375,1806.00,9918.33
GCF_917208135.1,27080,336.40,1588.07,9951,802.00,6684.09
GCF_950295315.1,50654,3349.29,7699.07,23995,15974.00,68600.85
GCF_910594005.1,56333,2975.41,7177.48,28010,15464.00,63593.32
GCF_964188315.1,52709,2426.50,5413.43,22283,6918.00,33798.10
GCF_964276395.1,60628,625.31,1430.51,47555,443.00,4217.86
GCF_963853765.1,51629,879.00,1756.55,29586,4023.00,9194.08
GCF_965178545.1,27222,1679.41,3860.13,15568,6405.00,40880.13
GCF_965638725.1,36572,2218.44,5046.00,16887,6253.00,38861.79
GCF_964237555.1,78051,3709.58,8135.25,26546,14790.50,62584.95
GCF_964211835.1,65510,2285.04,5766.20,20507,5562.00,26819.50
GCF_965601325.1,87100,1612.62,3481.91,78209,1274.00,17771.62
GCF_009193385.2,34966,394.58,3708.42,11079,1497.00,12377.27
GCF_035046485.1,31175,3763.67,11989.44,21165,13017.00,40343.87
GCF_032884065.1,27733,7536.94,10300.03,15378,12696.00,27002.26
GCF_020631705.1,29175,106.17,381.67,22075,788.00,3516.41
GCF_031307605.1,22751,464.14,1933.52,12183,1374.00,11316.69
GCF_034140825.1,41121,375.50,607.22,35374,3297.00,7352.12
GCF_035609145.1,36111,3874.92,7829.72,47066,1829.00,42729.13
GCF_035594765.1,48009,3211.00,7543.51,22333,9673.00,42333.47
GCF_036711975.1,20792,799.29,2941.17,14009,3229.00,11111.60
GCF_036417845.1,34236,1863.93,4265.53,19402,6409.50,40884.36
GCF_036321535.1,52002,2655.94,6024.58,23852,10776.50,52974.93
GCF_036013475.1,61914,2191.31,4999.74,18736,5482.00,28735.01
GCF_036417665.1,53426,2009.06,4970.85,25370,6678.00,28369.65
GCF_036785885.1,82726,469.75,682.43,73684,3148.00,12832.43
GCF_036323735.1,87086,2867.85,6804.80,31905,18385.00,60475.51
